severity,check,episode,detail
warning,success_never_true,ALL,"next.success is never True; final reward max is 0.949, so it cannot be used to filter demonstrations"
info,action_jump_followed,3,"frame 106: action jumped 104px, state followed (118%)"
info,action_jump_followed,4,"frame 68: action jumped 77px, state followed (148%)"
info,action_jump_followed,5,"frame 148: action jumped 77px, state followed (129%)"
info,action_jump_followed,10,"frame 84: action jumped 65px, state followed (127%)"
info,action_jump_followed,10,"frame 164: action jumped 91px, state followed (124%)"
info,action_jump_followed,15,"frame 81: action jumped 62px, state followed (247%)"
info,action_jump_followed,16,"frame 78: action jumped 79px, state followed (168%)"
info,action_jump_followed,26,"frame 110: action jumped 60px, state followed (171%)"
info,action_jump_followed,34,"frame 5: action jumped 97px, state followed (172%)"
info,action_jump_followed,40,"frame 61: action jumped 76px, state followed (182%)"
info,action_jump_followed,54,"frame 51: action jumped 75px, state followed (244%)"
info,action_jump_followed,70,"frame 52: action jumped 73px, state followed (142%)"
info,action_jump_followed,79,"frame 56: action jumped 67px, state followed (227%)"
info,action_jump_followed,80,"frame 64: action jumped 80px, state followed (148%)"
info,action_jump_followed,84,"frame 41: action jumped 60px, state followed (220%)"
info,action_jump_followed,107,"frame 5: action jumped 132px, state followed (172%)"
info,action_jump_followed,107,"frame 61: action jumped 64px, state followed (247%)"
info,action_jump_followed,107,"frame 62: action jumped 65px, state followed (234%)"
info,action_jump_followed,116,"frame 136: action jumped 76px, state followed (288%)"
info,action_jump_followed,120,"frame 9: action jumped 68px, state followed (234%)"
info,action_jump_followed,120,"frame 10: action jumped 70px, state followed (243%)"
info,action_jump_followed,156,"frame 67: action jumped 78px, state followed (208%)"
info,action_jump_followed,159,"frame 65: action jumped 135px, state followed (136%)"
info,action_jump_followed,161,"frame 62: action jumped 100px, state followed (125%)"
info,action_jump_followed,178,"frame 101: action jumped 67px, state followed (233%)"
info,action_jump_followed,182,"frame 23: action jumped 66px, state followed (157%)"
info,length_outlier,174,246 frames (normal range 26-222)
info,length_outlier,184,229 frames (normal range 26-222)
